description,ptms,plddts,rmsds,max_ptm,max_plddt,min_rmsd,max_ptm_rmsd,max_plddt_rmsd
derroids_1_10,"['0.40643731662555227', '0.43708771579357175', '0.4953449014452881', '0.4627956859288782', '0.4700685200330579']","['53.31293732545321', '56.34788576136265', '65.41652208029471', '67.19392643649289', '65.08866273277215']","['5.24293', '4.7378800000000005', '4.22745', '4.01973', '6.066409999999999']",0.4953449014452881,67.19392643649289,4.01973,4.22745,4.01973
derroids_1_11,"['0.5345973970566178', '0.4833174283844748', '0.5353398480704872', '0.36807727915081423', '0.5020081115142646']","['64.27057293436907', '62.19069366780321', '69.74917685025343', '74.42398430235562', '65.05922630226644']","['6.447', '7.15728', '5.8211', '26.0946', '5.50614']",0.5353398480704872,74.42398430235562,26.0946,5.8211,26.0946
derroids_1_12,"['0.8353741758883663', '0.8612465981309548', '0.8177991789464921', '0.870755385530219', '0.8379408407062169']","['89.46419195850424', '89.9836880453957', '91.09318378892763', '91.86088106649835', '89.50192353739594']","['1.82607', '2.5586', '1.57774', '1.6180700000000001', '1.5719100000000001']",0.870755385530219,91.86088106649835,1.5719100000000001,1.6180700000000001,1.6180700000000001
derroids_1_13,"['0.7240692396351855', '0.4235177778937024', '0.7064386279947917', '0.6660159590722657', '0.6688755665550745']","['79.82729399319507', '61.984916121721824', '83.49418905303885', '80.63951445052348', '78.70658377320478']","['2.26677', '18.7211', '1.9236400000000002', '2.0149', '2.12755']",0.7240692396351855,83.49418905303885,1.9236400000000002,2.26677,1.9236400000000002
derroids_1_14,"['0.6526089889978024', '0.4721608304704999', '0.6863464702132891', '0.6768479506155206', '0.6645275520513183']","['77.62567350585624', '72.34638417148156', '83.01549297433192', '79.33472050474309', '77.82848478533658']","['2.94211', '4.36831', '2.8488900000000004', '2.7770799999999998', '2.6538']",0.6863464702132891,83.01549297433192,2.6538,2.8488900000000004,2.8488900000000004
derroids_1_1,"['0.4365702063831927', '0.4633045252122338', '0.4487080996467461', '0.4340060157938728', '0.4329868165056649']","['78.32566811259582', '87.09265034150782', '84.67079540065906', '82.21166609410379', '79.95232360043086']","['10.0263', '11.9323', '8.318719999999999', '11.1111', '15.5631']",0.4633045252122338,87.09265034150782,10.0263,11.9323,11.9323
derroids_1_2,"['0.4485668504154229', '0.434513570321836', '0.43047063013375203', '0.4151840223232024', '0.6118693439062961']","['80.56055981849363', '80.12571622266594', '80.88754488929484', '80.99707137262494', '78.41793178060412']","['6.56385', '10.5238', '6.937010000000001', '11.1363', '2.5304599999999997']",0.6118693439062961,80.99707137262494,10.5238,2.5304599999999997,11.1363
derroids_1_3,"['0.513292570508836', '0.6161346051861001', '0.4922793336769937', '0.4239907916877791', '0.4497230780134144']","['76.85591819251799', '79.98465534486941', '82.26249877760263', '82.97683154871818', '85.30484408732865']","['15.4084', '15.3602', '14.4179', '11.0603', '14.8423']",0.6161346051861001,85.30484408732865,11.0603,15.3602,14.8423
derroids_1_4,"['0.8238021930106981', '0.8499717210939999', '0.8605372344999872', '0.8544003563605682', '0.8703787727880842']","['86.69942230318813', '88.03162485583843', '89.27328671595572', '88.52427980729021', '90.16088078971777']","['2.0276400000000003', '1.99555', '1.98993', '2.05281', '1.96218']",0.8703787727880842,90.16088078971777,1.96218,1.96218,1.96218
derroids_1_5,"['0.8292973813449909', '0.8375508315961948', '0.8462313513285102', '0.6931004824173921', '0.8306603953006321']","['86.02988340666975', '85.74128474178718', '88.98282618633408', '87.0890495296801', '86.22821835173706']","['2.7888900000000003', '2.88361', '2.7161', '15.0979', '2.88678']",0.8462313513285102,88.98282618633408,15.0979,2.7161,2.7161
derroids_1_6,"['0.8384647814488089', '0.8613835259688652', '0.8515356137090678', '0.8536719757482373', '0.8568923683085627']","['86.7913657394966', '88.34862431070492', '88.87256762894184', '87.95047082159141', '87.95293256648192']","['1.80349', '1.92649', '1.8766599999999998', '1.8662400000000001', '1.81215']",0.8613835259688652,88.87256762894184,1.80349,1.92649,1.8766599999999998
derroids_1_7,"['0.8455127256428224', '0.5018220241885646', '0.8654575815009123', '0.8528332058944685', '0.8717520363719871']","['86.35938340543785', '78.5580159834119', '89.09113314919054', '87.16526766282708', '88.59807892516268']","['2.3285299999999998', '16.0176', '2.08874', '2.1615', '2.14728']",0.8717520363719871,89.09113314919054,16.0176,2.14728,2.08874
derroids_1_8,"['0.8427289389681094', '0.8584626247354485', '0.8587666258649262', '0.8398079143767845', '0.8215131364868062']","['86.39410473586643', '87.84439474691045', '89.03477258787203', '86.10983469612759', '86.41541785479694']","['2.18883', '2.19559', '2.07095', '2.07068', '3.2438']",0.8587666258649262,89.03477258787203,2.07068,2.07095,2.07095
derroids_1_9,"['0.4154828899785136', '0.4909392327461222', '0.4177124824856893', '0.42738156705302904', '0.4285398889227976']","['62.18970573189165', '67.95732332913447', '64.76622999940905', '80.91257692562074', '75.17379294098326']","['6.98654', '6.13221', '5.09823', '26.0628', '9.80677']",0.4909392327461222,80.91257692562074,26.0628,6.13221,26.0628
derroids_2_10,"['0.39360214359367374', '0.3828828777736128', '0.3943832766384785', '0.3952890844367287', '0.5847849864663189']","['66.28077973624906', '66.75375683010125', '77.64658619687245', '80.69031516428578', '79.20406855809071']","['17.505', '20.8401', '9.65035', '4.91054', '2.0876']",0.5847849864663189,80.69031516428578,17.505,2.0876,4.91054
derroids_2_11,"['0.8339501427757616', '0.8487330596991571', '0.8396869447182397', '0.8391454986650861', '0.8406177369469554']","['86.9052943098879', '88.4414615540466', '89.05054328170387', '88.04440986747463', '87.99397243304958']","['2.15044', '2.2845400000000002', '2.15594', '2.25542', '2.0123900000000003']",0.8487330596991571,89.05054328170387,2.0123900000000003,2.2845400000000002,2.15594
derroids_2_12,"['0.3849501340953284', '0.4603781760725605', '0.6097955123878099', '0.3799064392060321', '0.35579673150290425']","['67.97658884546135', '68.73303391440912', '76.45594992001962', '74.20140123238677', '69.3712396242416']","['14.1233', '13.8458', '2.51415', '12.9571', '14.0885']",0.6097955123878099,76.45594992001962,12.9571,2.51415,2.51415
derroids_2_13,"['0.8520743599716332', '0.8500520089451559', '0.8446192165542155', '0.8387919703312047', '0.8347716680356347']","['86.34626010903187', '86.03655226467401', '86.73240519878472', '84.64634836187409', '85.6119354206659']","['2.81244', '2.45887', '1.9024900000000002', '2.6813', '2.9672400000000003']",0.8520743599716332,86.73240519878472,1.9024900000000002,2.81244,1.9024900000000002
derroids_2_14,"['0.5602780316014077', '0.5483231105723635', '0.6493404307087698', '0.6053843368410446', '0.7707726485430666']","['69.69047945284025', '68.15198349537268', '77.18511784982083', '74.51012848253706', '81.36990430241886']","['4.24062', '3.9093699999999996', '4.37769', '4.24375', '3.94863']",0.7707726485430666,81.36990430241886,3.9093699999999996,3.94863,3.94863
derroids_2_15,"['0.67075520547065', '0.7026623211810473', '0.6329709580399997', '0.7066063662213022', '0.6893040836366486']","['83.75378304849242', '81.9159370059743', '83.3723804282737', '83.87363574620797', '84.04896925129478']","['17.8933', '16.8153', '19.5257', '2.2772099999999997', '18.5112']",0.7066063662213022,84.04896925129478,16.8153,2.2772099999999997,18.5112
derroids_2_16,"['0.7463229729609195', '0.7521983259648231', '0.7867485967045252', '0.8012050603129409', '0.4207165544562028']","['82.37990371617373', '84.02791097965546', '87.92273047400326', '87.69637050342831', '77.94465382678052']","['3.91155', '3.97793', '3.39117', '3.22097', '7.8784600000000005']",0.8012050603129409,87.92273047400326,3.22097,3.22097,3.39117
derroids_2_17,"['0.8489307101592887', '0.6698833599452827', '0.8305698221231793', '0.8556154139745136', '0.8440155655949584']","['88.02867240246738', '76.55240968987555', '89.0319449316574', '88.05122938477655', '87.8394941763463']","['3.00577', '2.63459', '3.5257699999999996', '3.12582', '3.0787299999999997']",0.8556154139745136,89.0319449316574,2.63459,3.12582,3.5257699999999996
derroids_2_18,"['0.4530595534592131', '0.4109070489560724', '0.4231552297354185', '0.4362049543413876', '0.4238585948049861']","['67.11780480389915', '64.8713274988113', '82.24168234292678', '81.6590813684893', '80.37480060835047']","['18.5157', '21.2111', '8.92421', '19.6286', '24.0963']",0.4530595534592131,82.24168234292678,18.5157,18.5157,8.92421
derroids_2_19,"['0.23348820972250184', '0.22907078212624796', '0.2285111724142149', '0.23567021015782585', '0.21985015459732904']","['41.69527742539958', '44.34907812514281', '47.738874365850705', '51.68289167647146', '45.340286941056384']","['20.6277', '24.7191', '23.2793', '23.9938', '32.2469']",0.23567021015782585,51.68289167647146,20.6277,23.9938,23.9938
derroids_2_1,"['0.4381798630225512', '0.31834521854093345', '0.6131836258609416', '0.6103879062145738', '0.4723002401745795']","['65.70348964491593', '56.71244884820084', '74.95041707051055', '77.2703213939942', '74.00444564487185']","['12.6613', '5.91043', '2.1015599999999997', '2.7136', '2.93292']",0.6131836258609416,77.2703213939942,12.6613,2.1015599999999997,2.7136
derroids_2_20,"['0.5575767540254508', '0.6193055940603651', '0.6929937802523571', '0.6313642637247657', '0.4343843870215005']","['74.09294895645792', '75.25675920188235', '82.07167590393618', '76.89074572821282', '83.59888660725005']","['2.65847', '2.7714', '2.59216', '2.4779', '16.5059']",0.6929937802523571,83.59888660725005,16.5059,2.59216,16.5059
derroids_2_21,"['0.5077453722157409', '0.5136681481760461', '0.5201126729571398', '0.5015784198991359', '0.5141007222569252']","['86.2108966077454', '87.21237293259358', '88.37516713655708', '90.77391597371108', '92.25343934210792']","['15.17', '8.721680000000001', '17.3178', '5.8804300000000005', '14.3431']",0.5201126729571398,92.25343934210792,14.3431,17.3178,14.3431
derroids_2_2,"['0.8041417017689293', '0.7907074598201536', '0.6829466365761074', '0.7961375303340281', '0.6749449113022812']","['84.90985604396063', '82.59590647524676', '80.72745121749278', '85.24599391153319', '77.82077254421516']","['2.2557400000000003', '2.8679799999999998', '2.06504', '1.93035', '2.8266400000000003']",0.8041417017689293,85.24599391153319,1.93035,2.2557400000000003,1.93035
derroids_2_3,"['0.7264356033083582', '0.7984091755093932', '0.7746434516344813', '0.8286226583993401', '0.8571764514882547']","['75.82065716308496', '86.76620771768556', '84.33905906584731', '88.22318956029389', '89.59438347552107']","['2.15761', '3.9567300000000003', '2.29525', '2.36186', '2.03858']",0.8571764514882547,89.59438347552107,2.03858,2.03858,2.03858
derroids_2_4,"['0.405390414602224', '0.3923407307586273', '0.5181368637857071', '0.3999333439980327', '0.6316013389772084']","['65.24301938896744', '68.79910504748382', '70.99939804969195', '75.52900607907566', '77.44123572925761']","['19.1968', '18.8485', '3.1624', '13.8686', '2.35451']",0.6316013389772084,77.44123572925761,13.8686,2.35451,2.35451
derroids_2_5,"['0.7314250511675631', '0.7472822040683379', '0.75972537370673', '0.4388892054143833', '0.7329689572484819']","['83.00616673082786', '84.92280553289086', '85.76640244783499', '84.02939910506689', '84.25104913318496']","['2.95911', '2.52826', '3.5407', '9.044960000000001', '2.94962']",0.75972537370673,85.76640244783499,2.52826,3.5407,3.5407
derroids_2_6,"['0.2248972598113692', '0.42997743811037104', '0.7379186275843836', '0.4361592841919549', '0.7054913792730679']","['45.99199407280463', '57.93756527280101', '82.80518873087819', '77.75706870716256', '78.4471232774614']","['17.1478', '10.8313', '2.48241', '13.8745', '2.58983']",0.7379186275843836,82.80518873087819,10.8313,2.48241,2.48241
derroids_2_7,"['0.40203085288751794', '0.3987300125441615', '0.3886744662719237', '0.41852117760189006', '0.4025116626607404']","['70.26736458022805', '66.68426858264958', '74.23476588872448', '76.51387820266038', '75.28055300169085']","['11.3872', '14.4391', '10.2241', '9.0677', '19.4309']",0.41852117760189006,76.51387820266038,10.2241,9.0677,9.0677
derroids_2_8,"['0.23823293672254145', '0.24002196575273646', '0.24373717864779684', '0.21881181713314754', '0.25498050578482323']","['44.292061401475095', '42.02718463958507', '45.43034302342586', '52.84567279681984', '43.77295660530947']","['29.3949', '28.8872', '29.7741', '30.7716', '30.0771']",0.25498050578482323,52.84567279681984,28.8872,30.0771,30.7716
derroids_2_9,"['0.2871399397580977', '0.27692604692448874', '0.29918799667305873', '0.28461902717563', '0.30800120464191216']","['44.834488006557706', '45.53744989312155', '50.74181982080341', '54.99518208681289', '46.86874065464306']","['29.8752', '29.6924', '29.1017', '28.5125', '29.3236']",0.30800120464191216,54.99518208681289,28.5125,29.3236,28.5125
derroids_3_1027,"['0.5515147039279826', '0.4819432670250987', '0.5881668994787257', '0.4679743997288357', '0.5126307677939587']","['80.92004019667651', '83.56487690150733', '84.29063266964594', '85.17319196686431', '79.31021381340246']","['2.08816', '4.69179', '2.77955', '9.25567', '3.4197699999999998']",0.5881668994787257,85.17319196686431,2.08816,2.77955,9.25567
derroids_3_1029,"['0.5792854423648951', '0.407134970897751', '0.5281475270830407', '0.6024676640125961', '0.3735318665922076']","['87.72061771156284', '65.8128531019712', '87.66001274043697', '89.50025427478624', '62.768139625783746']","['17.037', '18.8929', '16.2104', '16.7643', '25.3632']",0.6024676640125961,89.50025427478624,16.2104,16.7643,16.7643
derroids_3_1049,"['0.6788468594210977', '0.7401990694770981', '0.7957784264493102', '0.7600728543316921', '0.8014367192816658']","['84.3196518929458', '85.4643463304715', '88.99257515108236', '87.17811135845903', '86.96224802552756']","['2.0455799999999997', '2.25858', '2.41454', '2.0709', '1.54813']",0.8014367192816658,88.99257515108236,1.54813,1.54813,2.41454
derroids_3_1061,"['0.7257795661548277', '0.8004332268313387', '0.8211381635828929', '0.7518230067278175', '0.762798736630956']","['89.25074312240976', '90.11609397780495', '92.02034234134302', '90.23520994487836', '90.34600228639515']","['3.17457', '3.30565', '2.99591', '2.92113', '3.2481299999999997']",0.8211381635828929,92.02034234134302,2.92113,2.99591,2.99591
derroids_3_1102,"['0.6942370550242131', '0.7056842838269229', '0.8034884249603337', '0.6921527336287268', '0.7442125794637273']","['85.13431697347455', '85.6441791706153', '90.39472902518328', '86.78107625173081', '87.89183204232046']","['1.63477', '1.22764', '1.4155200000000001', '1.2973', '1.34141']",0.8034884249603337,90.39472902518328,1.22764,1.4155200000000001,1.4155200000000001
derroids_3_1108,"['0.5208538717183221', '0.5170778125831896', '0.4646924614676714', '0.7111925150383966', '0.6825627405129322']","['73.90193554404351', '75.52068837996339', '77.52563133976695', '78.54445273200325', '77.56137103269064']","['13.0975', '14.6314', '5.284', '2.09338', '2.35715']",0.7111925150383966,78.54445273200325,13.0975,2.09338,2.09338
derroids_3_1109,"['0.6894622559058862', '0.7268318080899838', '0.38389113218705095', '0.2454851691388542', '0.6775852036530059']","['83.57122757339116', '83.35321342012874', '68.8205656312743', '54.05114427507338', '81.2012057489788']","['2.8119099999999997', '3.07748', '21.5229', '24.7323', '2.77658']",0.7268318080899838,83.57122757339116,2.77658,3.07748,2.8119099999999997
derroids_3_111,"['0.8185583307624219', '0.8483678045094102', '0.8171641994085299', '0.8274706643156138', '0.8140042401402433']","['85.94327536447364', '88.78919114379316', '85.75375042649294', '88.2470003100198', '86.2463086660289']","['1.15838', '1.08944', '1.5136', '1.06815', '1.12432']",0.8483678045094102,88.78919114379316,1.06815,1.08944,1.08944
derroids_3_1139,"['0.4095919225357481', '0.5210513124160238', '0.4361677268155635', '0.5391539640646317', '0.4259768513555427']","['71.35171164251562', '69.23381287301639', '71.21342768356428', '73.38052594119765', '76.88957593951429']","['9.21795', '3.0146', '2.55175', '3.1467400000000003', '15.0354']",0.5391539640646317,76.88957593951429,15.0354,3.1467400000000003,15.0354
derroids_3_114,"['0.8624400611118345', '0.8850267925042008', '0.8963398285881441', '0.8641531326798897', '0.8843993499205276']","['91.9242036798133', '93.01062600786501', '93.78818144157052', '92.06564160759592', '92.2053136955292']","['1.4124299999999999', '1.56266', '1.35002', '1.49814', '1.5611899999999999']",0.8963398285881441,93.78818144157052,1.35002,1.35002,1.35002
derroids_3_1173,"['0.5987915290785074', '0.6625963641581836', '0.7775196945121183', '0.5137902946994772', '0.6774443263435928']","['83.75108659786079', '88.58944229831629', '89.33507438429413', '88.41307116158377', '85.51234582292001']","['3.2819', '3.65181', '3.15795', '3.9361800000000002', '3.22456']",0.7775196945121183,89.33507438429413,3.15795,3.15795,3.15795
derroids_3_212,"['0.5186918807499348', '0.6139778803032145', '0.5531631508119929', '0.4792827834667358', '0.5502786538440838']","['79.90281344963498', '79.82226514235386', '81.31691242970267', '81.96851868522108', '80.485810746496']","['16.4801', '22.1333', '16.4', '14.2307', '15.7385']",0.6139778803032145,81.96851868522108,14.2307,22.1333,14.2307
derroids_3_220,"['0.4499354350755001', '0.4400021371361599', '0.5641062745688401', '0.5044051953287652', '0.4749306301179677']","['78.44569086629826', '78.87575799651884', '80.48440373336435', '83.65569135864222', '83.68628459812537']","['5.18794', '5.28782', '4.27968', '5.49669', '8.71998']",0.5641062745688401,83.68628459812537,4.27968,4.27968,8.71998
derroids_3_261,"['0.6716929202577349', '0.7589726791967948', '0.7889460269521091', '0.7779140060421401', '0.7879017121233469']","['79.05972261813403', '84.55273855291571', '86.63734702785587', '85.91809895902166', '86.1323718047665']","['2.0106599999999997', '1.9085400000000001', '2.0787299999999997', '1.90498', '1.62252']",0.7889460269521091,86.63734702785587,1.62252,2.0787299999999997,2.0787299999999997
derroids_3_271,"['0.40723518252040425', '0.4497499793796728', '0.4556669053480559', '0.4636145157017598', '0.474742698686488']","['69.7027294658358', '78.52218800384392', '82.81233780753269', '82.51147023196144', '81.08760436020172']","['12.6874', '11.232000000000001', '7.40154', '8.15799', '15.655999999999999']",0.474742698686488,82.81233780753269,11.232000000000001,15.655999999999999,7.40154
derroids_3_297,"['0.5455576516733005', '0.5314047519182787', '0.6019003459230021', '0.523406988596375', '0.5425897838585205']","['76.66916208946101', '75.96590756391744', '81.40631136469231', '78.74530779814516', '78.43597704826556']","['3.5354300000000003', '5.934159999999999', '3.9984900000000003', '3.47001', '3.88345']",0.6019003459230021,81.40631136469231,3.47001,3.9984900000000003,3.9984900000000003
derroids_3_337,"['0.7166461195465952', '0.7318992823560893', '0.7091195938933421', '0.5351784315727944', '0.5153879990382226']","['86.17015851318787', '87.1555301612738', '88.81847522425795', '88.25406175027055', '91.22141768810249']","['2.28761', '3.3579199999999996', '2.01287', '3.11252', '10.0696']",0.7318992823560893,91.22141768810249,10.0696,3.3579199999999996,10.0696
derroids_3_342,"['0.5111065802459113', '0.5163242289231652', '0.6282366645898012', '0.7666072116282909', '0.5120550625667694']","['81.28324967772943', '81.09229044099986', '83.73272219078869', '86.55377085585434', '82.17524310889102']","['7.27533', '15.6556', '1.5692', '1.2259799999999998', '5.62685']",0.7666072116282909,86.55377085585434,1.2259799999999998,1.2259799999999998,1.2259799999999998
derroids_3_345,"['0.8435048586157411', '0.7511685623204907', '0.8783785651893652', '0.8689053337252703', '0.8557119131761663']","['86.8532446330714', '81.9662544490477', '91.34647571207918', '89.0213188994953', '87.71613244582424']","['2.21562', '2.7892', '2.24662', '1.2854', '1.12018']",0.8783785651893652,91.34647571207918,1.12018,2.24662,2.24662
derroids_3_413,"['0.7725048670865979', '0.8124549972989701', '0.7802688509316158', '0.8121469590569463', '0.8586282426662541']","['89.04277739603468', '90.91120692782208', '90.63767862116221', '92.13892550792895', '93.97690090413583']","['1.08274', '1.03102', '0.9481440000000001', '1.3003', '1.2894299999999999']",0.8586282426662541,93.97690090413583,0.9481440000000001,1.2894299999999999,1.2894299999999999
derroids_3_439,"['0.455095416098654', '0.3044542603292625', '0.3301262720021425', '0.33509885591848426', '0.4363986161088658']","['77.1207114128418', '49.48298001136075', '56.343218403740536', '59.418923611025974', '78.99158805512455']","['4.5951699999999995', '26.7318', '23.427', '23.3194', '10.3784']",0.455095416098654,78.99158805512455,10.3784,4.5951699999999995,10.3784
derroids_3_561,"['0.6398431311808733', '0.7488753431052457', '0.7831449562675046', '0.7776495001356076', '0.7912677411148828']","['73.664253335049', '76.48137197139495', '81.47308188948958', '79.16058649763998', '79.10112503453753']","['2.4069700000000003', '1.64447', '1.81538', '1.8471099999999998', '1.94249']",0.7912677411148828,81.47308188948958,1.64447,1.94249,1.81538
derroids_3_562,"['0.7575347627933604', '0.8225707227346566', '0.8213910551047046', '0.8082061079231726', '0.7890939830199714']","['80.38164676908585', '82.81343418556709', '84.46923398206816', '82.88885091466108', '82.05787090492906']","['4.05125', '3.73746', '3.9291', '3.7684599999999997', '3.88646']",0.8225707227346566,84.46923398206816,3.73746,3.73746,3.9291
derroids_3_565,"['0.704983127537087', '0.5184058600463005', '0.5241371458908002', '0.8116753003080466', '0.5950844046846233']","['89.8918935866984', '91.1371383941468', '89.49012476702845', '92.25194260014165', '75.60994323662095']","['12.6232', '11.8633', '2.55097', '11.9611', '11.2726']",0.8116753003080466,92.25194260014165,11.2726,11.9611,11.9611
derroids_3_598,"['0.5777060359300968', '0.67536595993852', '0.7489510084645774', '0.7691735734921321', '0.6616312831205097']","['82.44304779620019', '80.73306016150664', '84.49975309196155', '83.98728003357657', '76.36558330939364']","['3.4363300000000003', '3.2886800000000003', '2.08262', '1.96138', '1.9808']",0.7691735734921321,84.49975309196155,1.96138,1.96138,2.08262
derroids_3_601,"['0.7155659309080896', '0.6661827447198887', '0.8117310187508081', '0.7730968645767785', '0.6391386790384468']","['84.6475095372283', '80.70520609219938', '88.33252033202221', '85.63809274251643', '83.9439198900483']","['1.08379', '1.5696299999999999', '1.2321', '2.30397', '1.3930200000000001']",0.8117310187508081,88.33252033202221,1.08379,1.2321,1.2321
derroids_3_633,"['0.8789680264043878', '0.8826387193710027', '0.8868842310355427', '0.8876985447253926', '0.8894232418519858']","['90.51325136425032', '90.68486129178936', '90.97448380350413', '90.95244722275845', '91.25813750803681']","['1.22438', '1.27366', '1.29172', '1.2388', '1.5023799999999998']",0.8894232418519858,91.25813750803681,1.22438,1.5023799999999998,1.5023799999999998
derroids_3_636,"['0.4882599910101794', '0.4953300770376784', '0.5232218263229526', '0.5968712168531642', '0.5894532030337591']","['79.68505988491451', '79.4288806968612', '82.49787945974309', '80.89624958132394', '81.27951147360159']","['3.4139199999999996', '5.65576', '2.26926', '2.64467', '2.22433']",0.5968712168531642,82.49787945974309,2.22433,2.64467,2.26926
derroids_3_663,"['0.847876592667708', '0.8392930072466519', '0.8608480576694499', '0.49591702117166997', '0.8600309381170899']","['86.45961613628653', '84.71158999535773', '88.9664358824914', '84.11930202473701', '88.90565364588656']","['1.9175099999999998', '2.09127', '2.08262', '10.0831', '1.9691900000000002']",0.8608480576694499,88.9664358824914,1.9175099999999998,2.08262,2.08262
derroids_3_68,"['0.4958853953316104', '0.4964303397992434', '0.4918770451326311', '0.4841232871363298', '0.5050279065452481']","['85.11382888058344', '84.19257961307038', '88.37629247780363', '85.38271978812976', '86.54696594659036']","['5.2548900000000005', '18.9632', '7.6151', '20.9019', '5.2845699999999995']",0.5050279065452481,88.37629247780363,18.9632,5.2845699999999995,7.6151
derroids_3_707,"['0.5779029384955965', '0.5554475699917751', '0.5161362367378783', '0.6330375004516298', '0.5112898659677177']","['85.1626892820992', '89.13508744668133', '86.38543990003599', '87.51109334496489', '88.36753431413106']","['19.2995', '8.39536', '17.8371', '19.9501', '8.243319999999999']",0.6330375004516298,89.13508744668133,17.8371,19.9501,8.39536
derroids_3_770,"['0.5315162398076881', '0.5404376316125845', '0.4911856205736962', '0.5190080247240141', '0.4802020105226754']","['86.84410020093625', '89.747694363355', '85.88860862488005', '92.83461833698307', '86.76792410883898']","['10.0185', '11.0597', '10.0527', '10.8032', '12.767999999999999']",0.5404376316125845,92.83461833698307,10.0185,11.0597,10.8032
derroids_3_840,"['0.5904290909378628', '0.548251385542065', '0.6474735876804962', '0.6297891975970271', '0.6493597835418321']","['84.65993712646807', '80.82379266410396', '86.01265099221537', '86.03510516526316', '83.44062852569455']","['5.47626', '6.55848', '6.6296100000000004', '5.334890000000001', '5.5997900000000005']",0.6493597835418321,86.03510516526316,5.334890000000001,5.5997900000000005,5.334890000000001
derroids_3_87,"['0.8243609889024666', '0.7987708922147141', '0.8473882682373618', '0.8341191723661128', '0.8498500947124059']","['90.36388241474957', '90.64642618048012', '92.38369802666037', '91.47897839811228', '92.45428115733473']","['1.22367', '1.45344', '1.40629', '1.21166', '1.20519']",0.8498500947124059,92.45428115733473,1.20519,1.20519,1.20519
derroids_3_881,"['0.5416367361368277', '0.4983772157832149', '0.5349984721582373', '0.5427337670406082', '0.5245059832134034']","['83.82415460619228', '81.32547552767757', '83.99921108282481', '83.73081184155366', '78.45360596266906']","['24.3798', '4.19319', '6.40932', '25.6064', '5.8534']",0.5427337670406082,83.99921108282481,24.3798,25.6064,6.40932
derroids_3_891,"['0.6777073196063486', '0.6913618042480283', '0.8226688942625247', '0.8199052574306224', '0.7365305368737834']","['89.73062532054148', '89.62975810498514', '92.02774666799914', '91.46652834532202', '89.70523697314779']","['2.00826', '2.02862', '1.9162', '1.68593', '1.6961700000000002']",0.8226688942625247,92.02774666799914,1.68593,1.9162,1.9162
derroids_3_904,"['0.6138640665733016', '0.6696494877186216', '0.6916828355171403', '0.615396765707129', '0.672043449280919']","['86.36093604461078', '85.41001431777687', '87.465471309222', '85.66690179871125', '86.26689585448315']","['1.63545', '1.26462', '1.11972', '1.30672', '1.17177']",0.6916828355171403,87.465471309222,1.11972,1.11972,1.11972
derroids_3_936,"['0.5136661207087306', '0.5237096788361273', '0.5230179314209', '0.8250334817412106', '0.8193211790269461']","['86.6949597387096', '88.61570394964777', '89.1767981071801', '89.18468486053169', '87.86903077296185']","['12.1776', '12.978', '6.65999', '1.87569', '3.37741']",0.8250334817412106,89.18468486053169,1.87569,1.87569,1.87569
derroids_3_939,"['0.7473411491398629', '0.7982260219770279', '0.8300639237431646', '0.8279593103298623', '0.8673918861601556']","['87.84240507915642', '88.09561508341531', '90.2590498245935', '89.76957761767528', '91.18868479219671']","['1.4453200000000002', '1.93976', '1.5059', '1.37917', '4.1086599999999995']",0.8673918861601556,91.18868479219671,1.37917,4.1086599999999995,4.1086599999999995
derroids_3_944,"['0.8114116108185678', '0.8020521763163699', '0.8477726440528064', '0.832991032576603', '0.8477837318791264']","['87.50899064940874', '86.11527000460613', '89.4740628645364', '88.11249923067244', '87.67218749617615']","['2.8590299999999997', '3.0829299999999997', '2.65866', '2.6893', '2.62774']",0.8477837318791264,89.4740628645364,2.62774,2.62774,2.65866
derroids_3_946,"['0.5171978616992454', '0.4804550655687525', '0.744518929528354', '0.7206223651135139', '0.66736744291238']","['74.9954934005334', '78.82438030697594', '82.52078729434453', '82.501272585916', '79.81579650146352']","['3.50021', '5.9345', '3.7697800000000004', '3.5127599999999997', '3.8923']",0.744518929528354,82.52078729434453,3.50021,3.7697800000000004,3.7697800000000004
derroids_3_972,"['0.5634533242607989', '0.6624760147949047', '0.712748229701656', '0.6720771863674574', '0.6371868352684765']","['84.26626384704294', '85.20037123655433', '88.74433008004503', '86.52554185359753', '83.35436503137399']","['2.79115', '3.5466300000000004', '2.20485', '4.36322', '3.84301']",0.712748229701656,88.74433008004503,2.20485,2.20485,2.20485
KT_T17_1,"['0.4011638038118619', '0.3976745602903263', '0.4008117283041914', '0.33728583834670944', '0.3102154134493041']","['65.70503220079058', '67.21914163204465', '71.46290200231803', '68.88960031608114', '60.76669104644999']","['22.7424', '20.5377', '21.6064', '22.326', '23.4099']",0.4011638038118619,71.46290200231803,20.5377,22.7424,21.6064
KT_T17_2,"['0.7929999490693651', '0.6907964239833175', '0.6905551798357608', '0.7332480357770573', '0.5912356663796421']","['88.32940651023105', '83.61242850063594', '87.01549425472705', '86.66238866900697', '85.8084928301912']","['19.4751', '18.9918', '19.3804', '19.8789', '20.0489']",0.7929999490693651,88.32940651023105,18.9918,19.4751,19.4751
KT_T17_3,"['0.4837500643220642', '0.4378367519847873', '0.4508605949293058', '0.4656950418842476', '0.4895141884795704']","['74.72122064777894', '68.93312493727001', '79.82946139264294', '75.01283465387242', '76.76155762749488']","['24.0', '23.7773', '24.0294', '23.6463', '23.8956']",0.4895141884795704,79.82946139264294,23.6463,23.8956,24.0294
KT_T17_4,"['0.6346684916663623', '0.6348460459810061', '0.6339979594066235', '0.7280880876503879', '0.581739953358792']","['89.78281861309462', '88.56718796091391', '90.73753457628891', '89.15213320566681', '88.1356750944433']","['19.092', '19.6073', '18.8991', '19.8918', '19.0507']",0.7280880876503879,90.73753457628891,18.8991,19.8918,18.8991
KT_T17_5,"['0.5435337017120235', '0.6010433398863405', '0.7575074258656873', '0.5353383510156866', '0.6495982819938835']","['83.81531324272079', '69.86731246900433', '83.48647793927334', '64.69353535790427', '77.93764064118945']","['23.8204', '23.9176', '22.4855', '24.9378', '23.5393']",0.7575074258656873,83.81531324272079,22.4855,22.4855,23.8204
KT_T17_6,"['0.4335770974411682', '0.43834325684932596', '0.3617759405624072', '0.424097370308704', '0.27141101892121466']","['61.93134648802194', '56.42064294696438', '54.3223628861824', '73.74616997031771', '50.99126848056871']","['19.5136', '17.6748', '17.6932', '18.1562', '22.9059']",0.43834325684932596,73.74616997031771,17.6748,17.6748,18.1562
KT_T17_7,"['0.5839412916161852', '0.728613415970542', '0.5187060347403496', '0.6969275436406921', '0.5919692583880071']","['80.8857502515799', '83.26919878194668', '79.57666922144222', '85.38677026108627', '81.18226007849692']","['19.9445', '18.4057', '20.8017', '19.4806', '20.3258']",0.728613415970542,85.38677026108627,18.4057,18.4057,19.4806
KT_T25_10,"['0.5407827693963035', '0.5188385291291974', '0.8281231379770092', '0.5962416850169192', '0.5235057986462284']","['86.79174498887197', '87.65487002236178', '90.80217583128665', '87.84609002089094', '88.32552323129939']","['19.3995', '18.7055', '20.3804', '18.2232', '18.9993']",0.8281231379770092,90.80217583128665,18.2232,20.3804,20.3804
KT_T25_11,"['0.7339502238700168', '0.4985389372531838', '0.6357889303524059', '0.8515248144805336', '0.5332617401247992']","['78.96331593999577', '65.4542699081414', '75.97923944537395', '91.37248048075682', '72.53392133123353']","['17.7272', '17.9479', '17.8757', '17.5627', '20.4298']",0.8515248144805336,91.37248048075682,17.5627,17.5627,17.5627
KT_T25_12,"['0.5306514579800612', '0.5097158619306015', '0.576380748305704', '0.5262786890365855', '0.5149483223250503']","['89.94937149198131', '87.81000444740414', '88.83447497574653', '88.45580995866423', '89.32121381673694']","['20.7299', '19.7997', '21.2838', '17.1927', '21.0113']",0.576380748305704,89.94937149198131,17.1927,21.2838,20.7299
KT_T25_13,"['0.5402732295754689', '0.7176960025301274', '0.8094328542309501', '0.8577020049194675', '0.7146160790395358']","['82.23375355872345', '77.86346264680519', '87.7271125793095', '88.39681812468689', '81.62219828831985']","['21.815', '21.3839', '21.8554', '21.0809', '21.7134']",0.8577020049194675,88.39681812468689,21.0809,21.0809,21.0809
KT_T25_14,"['0.7682766475973924', '0.4825616367017654', '0.8534108767298043', '0.846182386764819', '0.506238455935615']","['79.32506115838574', '72.82692514457518', '87.28644590061155', '86.42379790472279', '82.97655164654783']","['21.1734', '22.8014', '20.9723', '21.2193', '22.5152']",0.8534108767298043,87.28644590061155,20.9723,20.9723,20.9723
KT_T25_15,"['0.6568847607754817', '0.6207467381516317', '0.7314832134860372', '0.4924164502666695', '0.6232725999391969']","['80.20467669983609', '78.67862877237944', '86.21762842178866', '80.58045735967231', '77.88175220011682']","['13.387', '14.6859', '13.2318', '19.6122', '13.2983']",0.7314832134860372,86.21762842178866,13.2318,13.2318,13.2318
KT_T25_16,"['0.6586390097593184', '0.7635043890215506', '0.7823619511721469', '0.5853308888979619', '0.4986824308044817']","['84.74083564632944', '85.99186069760603', '88.99734516447809', '83.03703621298469', '83.84363568737085']","['21.4562', '21.5019', '21.1445', '21.5444', '21.9864']",0.7823619511721469,88.99734516447809,21.1445,21.1445,21.1445
KT_T25_17,"['0.5400905845206695', '0.5430107270632653', '0.7549554076019539', '0.5178554373985341', '0.6367784845705295']","['85.24369878910298', '81.20264859260334', '89.33500305001421', '89.21882095490524', '77.91704543782309']","['19.9481', '20.022000000000002', '19.8776', '18.7907', '20.4407']",0.7549554076019539,89.33500305001421,18.7907,19.8776,19.8776
KT_T25_1,"['0.7688399657733045', '0.6590814663876777', '0.8572986425488067', '0.8300820377718722', '0.7246617232011936']","['82.57902226942463', '75.22343485314032', '89.22755289583363', '86.22267590603792', '81.0149863371348']","['19.4001', '19.7372', '19.3517', '19.4684', '19.9318']",0.8572986425488067,89.22755289583363,19.3517,19.3517,19.3517
KT_T25_2,"['0.4919719500764248', '0.5412257058118775', '0.7493387808179361', '0.6374805958840549', '0.5162428921555814']","['82.44969008169731', '79.65792323404541', '86.55972763781112', '81.67589193078742', '82.53390946475007']","['22.8658', '22.7714', '21.2506', '21.6868', '21.8588']",0.7493387808179361,86.55972763781112,21.2506,21.2506,21.2506
KT_T25_3,"['0.6246267343602141', '0.7194964009551297', '0.6901405505596164', '0.5503114946233811', '0.6727535649970797']","['83.36802859764927', '90.0218960478533', '86.21018564529051', '86.98872383673019', '83.4758334730097']","['18.9808', '18.8652', '18.4704', '18.9159', '18.7813']",0.7194964009551297,90.0218960478533,18.4704,18.8652,18.8652
KT_T25_4,"['0.7164301544830769', '0.7189778485870396', '0.6428450020838834', '0.7453307630144013', '0.6866666890590704']","['82.04193051243739', '83.82726111979673', '76.45533352217402', '85.78201909464802', '81.88560621839204']","['17.6237', '17.4488', '17.3862', '16.9918', '17.3347']",0.7453307630144013,85.78201909464802,16.9918,16.9918,16.9918
KT_T25_5,"['0.7285945505649192', '0.5556993795946523', '0.25707585701073793', '0.4205260885651296', '0.2799075672511724']","['80.62448873871544', '60.94942702478957', '43.497445686917054', '52.580685112242314', '44.7622368846631']","['22.8127', '23.721999999999998', '24.0312', '26.2122', '27.1163']",0.7285945505649192,80.62448873871544,22.8127,22.8127,22.8127
KT_T25_6,"['0.6515317518804764', '0.5115028002377187', '0.8073054603229577', '0.5888489529149984', '0.5038351672610282']","['91.4004569345246', '92.33775672163256', '91.93937957821171', '90.6630671125331', '93.67214212437807']","['19.3528', '20.6928', '18.7844', '19.2655', '22.1734']",0.8073054603229577,93.67214212437807,18.7844,18.7844,22.1734
KT_T25_7,"['0.5611108620388504', '0.40796472360323455', '0.3150595814824546', '0.35365487969807563', '0.273935101162438']","['80.97902179842664', '49.42508706153777', '45.38686658261877', '51.78256492526217', '45.876413556457464']","['24.021', '24.593000000000004', '23.7544', '26.9569', '27.7862']",0.5611108620388504,80.97902179842664,23.7544,24.021,24.021
KT_T25_8,"['0.5550101024090156', '0.5519990351062329', '0.6984872972908697', '0.7374433843725003', '0.821553906442889']","['83.24075210058051', '80.47146945721997', '83.99223599603731', '85.1664954277263', '89.21309038768341']","['19.0712', '18.8355', '18.3492', '17.9039', '17.3641']",0.821553906442889,89.21309038768341,17.3641,17.3641,17.3641
KT_T25_9,"['0.5308462886674633', '0.5263137095699035', '0.6856562152417616', '0.5445659485699138', '0.5064244944119018']","['90.8180779755177', '75.19541113417604', '90.65165221898943', '89.7343070581624', '91.8587953686396']","['22.4317', '19.7147', '22.436', '21.9594', '24.1068']",0.6856562152417616,91.8587953686396,19.7147,22.436,24.1068
